Email,Role
admin@yourstore.com,ADMINISTRATOR
admin@yourstore.com,SALEPERSON
admin@yourstore.com,USER
agordonq@domainmarket.com,USER
ahughesu@hc360.com,USER
ajones1p@globo.com,USER
alee2g@w3.org,USER
amiller10@multiply.com,USER
aortizb@sitemeter.com,USER
aperkins1t@about.com,USER
aramos1@google.de,USER
aricev@phpbb.com,USER
asanders2e@nyu.edu,USER
astevensg@dyndns.org,USER
awarren4@nifty.com,USER
awashington1i@artisteer.com,USER
bhunt2a@wufoo.com,USER
bkelley1s@slate.com,USER
bking1y@microsoft.com,USER
bpeters6@google.nl,USER
bstanley1q@godaddy.com,USER
cgilbert1o@europa.eu,USER
clawrence2d@ted.com,USER
cmoore25@lulu.com,USER
cmorgan29@exblog.jp,USER
creed7@people.com.cn,USER
cwagner3@hud.gov,USER
cwelch21@rakuten.co.jp,USER
dalvarez1@skyrock.com,USER
dgonzalez0@cmu.edu,USER
dnicholsd@sourceforge.net,USER
dwest8@indiegogo.com,USER
eclark9@1und1.de,USER
egarcia1e@w3.org,USER
estewartl@macromedia.com,USER
galexanderk@mail.ru,USER
gcox24@barnesandnoble.com,USER
gpeterson7@acquirethisname.com,USER
ikennedy1u@1und1.de,USER
jbaileyi@a8.net,USER
jbowman11@kickstarter.com,USER
jbrooks18@ihg.com,USER
jbryant1g@mashable.com,USER
jhansen1k@elpais.com,USER
jhayesz@va.gov,USER
jlewis27@ow.ly,USER
jmccoy2f@ebay.co.uk,USER
jmills16@issuu.com,USER
jmorales22@yellowpages.com,USER
jpayne1a@bigcartel.com,USER
jphillips1h@booking.com,USER
jreed13@cam.ac.uk,USER
jrichardsonn@issuu.com,USER
jstephens3@webs.com,USER
jtorres1j@economist.com,USER
jwarrens@huffingtonpost.com,USER
kclark2@microsoft.com,USER
kieron2208@gmail.com,SALEPERSON
kieron2208@gmail.com,USER
kmurphy1x@macromedia.com,USER
lallenw@chicagotribune.com,USER
lbanksa@cafepress.com,USER
lbrown2c@google.fr,USER
lclark15@purevolume.com,USER
lfisher1f@mayoclinic.com,USER
lgeorge1w@ucoz.com,USER
lhansen1l@artisteer.com,USER
llewish@dot.gov,USER
lsnyderj@e-recht24.de,USER
lwest19@opera.com,USER
mallenm@cam.ac.uk,USER
martinez5@barnesandnoble.com,USER
mbellx@sakura.ne.jp,USER
mbrown26@economist.com,USER
mgarcia1z@whitehouse.gov,USER
mgonzales1n@economist.com,USER
mking1v@studiopress.com,USER
mnichols17@devhub.com,USER
mstanley1b@parallels.com,USER
msullivany@mail.ru,USER
mtaylor12@scientificamerican.com,USER
pfox14@cbc.ca,USER
phenderson20@shop-pro.jp,USER
pmontgomeryo@fda.gov,USER
preid5@mozilla.org,USER
pwhite2h@taobao.com,USER
pwoodt@cnet.com,USER
rbell2b@engadget.com,USER
rbrown1m@nbcnews.com,USER
rfisher23@dmoz.org,USER
rhillr@123-reg.co.uk,USER
rmoreno1c@go.com,USER
sdixon6@google.co.jp,USER
sharvey28@cafepress.com,USER
sscott2@si.edu,USER
tbutler1r@psu.edu,USER
tedwardsc@theguardian.com,USER
tlonge@vk.com,USER
tmoralesp@linkedin.com,USER
tpaynef@bizjournals.com,USER
user@gmail.com,USER
vjacobs4@xing.com,USER
vwright1d@jigsy.com,USER
